specific_growth_rate,temperature
0.6702208436893357,2.1793029888667457
0.6774139863805371,2.321640222187515
0.6861734706980547,2.4827480931385058
0.7091716114285904,2.9252715877039974
0.7189779335438409,3.2615803665979106
0.726890488471997,3.5112830210934334
0.7409439286930776,4.079765471226029
0.7501320667856685,5.096699655883979
0.7464483655710258,5.413271818046528
